
{
	"allowSleep" : true,
	"autoClearForces" : true,
	"body" : 
	[
		
		{
			"angle" : 0,
			"angularVelocity" : 0,
			"awake" : true,
			"fixture" : 
			[
				
				{
					"chain" : 
					{
						"vertices" : 
						{
							"x" : 
							[
								0.5294895172119141,
								-0.9596812725067139,
								-4.464475631713867,
								-5.996393203735352
							],
							"y" : 
							[
								-0.06863021850585938,
								-0.2853019237518311,
								-0.3374471664428711,
								-0.05147171020507813
							]
						}
					},
					"density" : 1,
					"friction" : 0.2,
					"name" : "fixture13"
				}
			],
			"linearVelocity" : 0,
			"name" : "terrain_upper_right",
			"position" : 
			{
				"x" : 28.55122184753418,
				"y" : -5.925252914428711
			},
			"type" : 0
		},
		
		{
			"angle" : 0,
			"angularVelocity" : 0,
			"awake" : true,
			"fixture" : 
			[
				
				{
					"chain" : 
					{
						"vertices" : 
						{
							"x" : 
							[
								-2.936719894409180,
								-2.278476476669312,
								-1.120774745941162,
								0.3053794503211975,
								0.9995784759521484
							],
							"y" : 
							[
								-1.396779060363770,
								-0.9713852405548096,
								-0.4043232202529907,
								0.1229876875877380,
								0.2956686019897461
							]
						}
					},
					"density" : 1,
					"friction" : 0.2,
					"name" : "fixture5"
				}
			],
			"linearVelocity" : 0,
			"name" : "terrain_top_right",
			"position" : 
			{
				"x" : 28.01633453369141,
				"y" : -7.969141960144043
			},
			"type" : 0
		},
		
		{
			"angle" : 0,
			"angularVelocity" : 0,
			"awake" : true,
			"fixture" : 
			[
				
				{
					"chain" : 
					{
						"vertices" : 
						{
							"x" : [ -2.234556198120117, 1.970487594604492 ],
							"y" : [ 0.2537117004394531, -0.5074214935302734 ]
						}
					},
					"density" : 1,
					"friction" : 0.2,
					"name" : "fixture12"
				}
			],
			"linearVelocity" : 0,
			"name" : "terrain_middle_right",
			"position" : 
			{
				"x" : 27.45772361755371,
				"y" : -11.13715648651123
			},
			"type" : 0
		},
		
		{
			"angle" : 0,
			"angularVelocity" : 0,
			"awake" : true,
			"fixture" : 
			[
				
				{
					"chain" : 
					{
						"vertices" : 
						{
							"x" : [ -2.661069869995117, 2.247377395629883 ],
							"y" : [ -0.06791973114013672, 0.05556964874267578 ]
						}
					},
					"density" : 1,
					"friction" : 0.2,
					"name" : "fixture11"
				}
			],
			"linearVelocity" : 0,
			"name" : "terrain_bottom_right",
			"position" : 
			{
				"x" : 27.81301307678223,
				"y" : -13.44349384307861
			},
			"type" : 0
		},
		
		{
			"angle" : 0,
			"angularVelocity" : 0,
			"awake" : true,
			"fixture" : 
			[
				
				{
					"density" : 1,
					"friction" : 0.2,
					"name" : "fixture10",
					"polygon" : 
					{
						"vertices" : 
						{
							"x" : 
							[
								1.321543574333191,
								-1.545611500740051,
								-1.548489451408386,
								1.318665623664856
							],
							"y" : 
							[
								-0.05990529432892799,
								-0.01864171400666237,
								-0.2186210155487061,
								-0.2598845958709717
							]
						}
					}
				},
				
				{
					"circle" : 
					{
						"center" : 
						{
							"x" : 1.320104598999023,
							"y" : -0.1598949432373047
						},
						"radius" : 0.1
					},
					"density" : 1,
					"friction" : 0.2,
					"name" : "fixture10"
				},
				
				{
					"circle" : 
					{
						"center" : 
						{
							"x" : -1.547050476074219,
							"y" : -0.1186313629150391
						},
						"radius" : 0.1
					},
					"density" : 1,
					"friction" : 0.2,
					"name" : "fixture10"
				}
			],
			"linearVelocity" : 0,
			"name" : "terrain_balcony_right",
			"position" : 
			{
				"x" : 19.46504020690918,
				"y" : -8.793087005615234
			},
			"type" : 0
		},
		
		{
			"angle" : 0,
			"angularVelocity" : 0,
			"awake" : true,
			"fixture" : 
			[
				
				{
					"density" : 1,
					"friction" : 0.2,
					"name" : "fixture9",
					"polygon" : 
					{
						"vertices" : 
						{
							"x" : 
							[
								1.258534193038940,
								1.250746965408325,
								-1.369512319564819,
								-1.361725091934204
							],
							"y" : 
							[
								-0.2064610421657562,
								-0.006612692959606648,
								-0.1087121143937111,
								-0.3085604608058929
							]
						}
					}
				},
				
				{
					"circle" : 
					{
						"center" : 
						{
							"x" : 1.254640579223633,
							"y" : -0.1065368652343750
						},
						"radius" : 0.1
					},
					"density" : 1,
					"friction" : 0.2,
					"name" : "fixture9"
				},
				
				{
					"circle" : 
					{
						"center" : 
						{
							"x" : -1.365618705749512,
							"y" : -0.2086362838745117
						},
						"radius" : 0.1
					},
					"density" : 1,
					"friction" : 0.2,
					"name" : "fixture9"
				}
			],
			"linearVelocity" : 0,
			"name" : "terrain_balcony_left",
			"position" : 
			{
				"x" : 9.662565231323242,
				"y" : -8.666198730468750
			},
			"type" : 0
		},
		
		{
			"angle" : 0,
			"angularVelocity" : 0,
			"awake" : true,
			"fixture" : 
			[
				
				{
					"density" : 1,
					"friction" : 0.2,
					"name" : "fixture8",
					"polygon" : 
					{
						"vertices" : 
						{
							"x" : 
							[
								3.524355173110962,
								3.520890951156616,
								-4.531896114349365,
								-4.528431415557861
							],
							"y" : 
							[
								-0.2239903211593628,
								-0.02402031794190407,
								-0.1635257005691528,
								-0.3634957075119019
							]
						}
					}
				},
				
				{
					"circle" : 
					{
						"center" : 
						{
							"x" : 3.522623062133789,
							"y" : -0.1240053176879883
						},
						"radius" : 0.1
					},
					"density" : 1,
					"friction" : 0.2,
					"name" : "fixture8"
				},
				
				{
					"circle" : 
					{
						"center" : 
						{
							"x" : -4.530163764953613,
							"y" : -0.2635107040405273
						},
						"radius" : 0.1
					},
					"density" : 1,
					"friction" : 0.2,
					"name" : "fixture8"
				}
			],
			"linearVelocity" : 0,
			"name" : "terrain_top_center",
			"position" : 
			{
				"x" : 14.97361278533936,
				"y" : -5.975494861602783
			},
			"type" : 0
		},
		
		{
			"angle" : 0,
			"angularVelocity" : 0,
			"awake" : true,
			"fixture" : 
			[
				
				{
					"density" : 1,
					"friction" : 0.2,
					"name" : "fixture7",
					"polygon" : 
					{
						"vertices" : 
						{
							"x" : 
							[
								3.636200666427612,
								3.357930421829224,
								3.239280462265015,
								3.517550706863403
							],
							"y" : 
							[
								-0.1675068140029907,
								0.03756102547049522,
								-0.1234427914023399,
								-0.3285106420516968
							]
						}
					}
				},
				
				{
					"density" : 1,
					"friction" : 0.2,
					"name" : "fixture7",
					"polygon" : 
					{
						"vertices" : 
						{
							"x" : 
							[
								3.299764394760132,
								-3.613352298736572,
								-3.615670204162598,
								3.297446489334106
							],
							"y" : 
							[
								0.05705239996314049,
								0.1371799409389496,
								-0.06280662864446640,
								-0.1429341733455658
							]
						}
					}
				},
				
				{
					"density" : 1,
					"friction" : 0.2,
					"name" : "fixture7",
					"polygon" : 
					{
						"vertices" : 
						{
							"x" : 
							[
								-3.557402133941650,
								-3.671620368957520,
								-4.037000656127930,
								-3.922782659530640
							],
							"y" : 
							[
								-0.04490202665328980,
								0.1192753314971924,
								-0.1349199116230011,
								-0.2990972697734833
							]
						}
					}
				},
				
				{
					"circle" : 
					{
						"center" : 
						{
							"x" : 3.576875686645508,
							"y" : -0.2480087280273438
						},
						"radius" : 0.1
					},
					"density" : 1,
					"friction" : 0.2,
					"name" : "fixture7"
				},
				
				{
					"circle" : 
					{
						"center" : 
						{
							"x" : 3.298605442047119,
							"y" : -0.04294088482856751
						},
						"radius" : 0.1
					},
					"density" : 1,